,pop,race_w,race_b,hhinc,incpercap,incpov_2_,incpov__2,init_count_pre,init_day_pre,tot_count_pre,tot_day_pre,init_p_pre,init_count_covid,init_day_covid,tot_count_covid,tot_day_covid,init_p_covid
0,478,97.07,0.0,83667,73312,90.17,9.829999999999998,2815,7.019950124688279,3889,9.698254364089776,72.38364618153767,482,2.190909090909091,945,4.295454545454546,51.00529100529101
1,1212,85.23,4.04,77604,42620,77.56,22.44,2161,5.389027431421447,3192,7.960099750623441,67.70050125313283,782,3.5545454545454547,1373,6.240909090909091,56.955571740713765
2,2109,71.12,7.02,105913,21587,89.16,10.840000000000003,1524,3.800498753117207,1932,4.817955112219451,78.88198757763976,63,0.2863636363636364,231,1.05,27.27272727272727
3,676,83.14,0.0,66944,35319,68.2,31.8,174,0.4339152119700748,380,0.9476309226932668,45.78947368421053,14,0.0636363636363636,79,0.359090909090909,17.72151898734177
4,1137,64.56,9.59,55167,14173,65.8,34.2,555,1.3840399002493766,961,2.396508728179551,57.75234131113424,12,0.0545454545454545,207,0.9409090909090908,5.797101449275362
5,1044,81.8,4.69,116875,43521,82.38,17.620000000000005,1285,3.2044887780548628,1861,4.640897755610973,69.04889844169801,355,1.6136363636363635,628,2.8545454545454545,56.52866242038217
6,858,92.66,2.45,81875,39540,85.05,14.950000000000005,2149,5.359102244389027,2880,7.182044887780549,74.61805555555556,830,3.772727272727273,1206,5.4818181818181815,68.82255389718075
